{
	"schemaVersion": 2,
	"type": "single-sprite-square-textured",
	"texture": "minecraft:textures/skybox/overworld/sky200_north_star_day.png",
	"blend": {"type" : "add"},
	"properties": {
		"priority": 200,
		"fade": {"alwaysOn": true},
		"rotation": {
			"rotationSpeedY": 0.0,
			"static": [ 0.0, 0.0, 0.0 ],
			"axis": [ 0.0, 0.0, 0.0 ],
			"timeShift": [ 0, 0, 0 ]
			},
		"transitionInDuration": 100,
		"transitionOutDuration": 100
		},
	"conditions": {
		"worlds": ["minecraft:overworld"],
		"weather": ["clear"]
		},
	"decorations": {
		"showSun": false,
		"showMoon": false,
		"showStars": false
		}
}
