{
	"schemaVersion": 2,
	"type": "single-sprite-square-textured",
	"texture": "minecraft:textures/skybox/overworld/sky305_sun_holder.png",
	"blend": {"type" : "add"},
	"properties": {
		"priority": 305,
		"fade": {"alwaysOn": true},
		"rotation": {
			"rotationSpeedY": 1.0,
			"static": [0.0, 0.0, 0.0],
			"axis": [0.0, 0.0, 0.0]
			},
		"transitionInDuration": 100,
		"transitionOutDuration": 100
		},
	"conditions": {
		"worlds": ["minecraft:overworld"],
		"weather": ["clear"]
		},
	"decorations": {
		"moon": "minecraft:textures/environment/sun.png",
		"blend": {"type" : "add"},
		"showSun": true,
		"showMoon": false,
		"showStars": false,
		"rotation": {
			"skyboxRotation": true,
			"rotationSpeedY": 1.0,
			"static": [ 0.0, -90.0, 0.0 ],
			"axis": [ 90.0, 0.0, 0.0 ],
			"timeShift": [ 0, -6000, 0 ]
			}
		}
}