{
	"schemaVersion": 2,
	"type": "single-sprite-square-textured",
	"texture": "minecraft:textures/skybox/overworld/sky420_clouds_sunset.png",
	"blend": {"type" : "add"},
	"properties": {
		"priority": 420,
		"fade": {
			"startFadeIn": 12000,
			"endFadeIn": 12750,
			"startFadeOut": 13000,
			"endFadeOut": 13166
			},
		"rotation": {
			"rotationSpeedY": 0.5,
			"static": [ 0.0, 0.0, 0.0 ],
			"axis": [ 0.0, -0.2, 0.0 ],
			"timeShift": [ 0, 0, 0 ]
			},
		"transitionInDuration": 100,
		"transitionOutDuration": 100
		},
	"conditions": {
		"worlds": ["minecraft:overworld"],
		"weather": ["clear"]
		},
	"decorations": {
		"showSun": false,
		"showMoon": false,
		"showStars": false
		}
}
