{
	"credit": "Made with Blockbench",
	"texture_size": [64, 64],
	"textures": {
		"0": "item/cit/custom/dragonslayer",
		"particle": "item/cit/custom/dragonslayer"
	},
	"elements": [
		{
			"from": [7.25, -7.5, 7.25],
			"to": [8.75, 0.5, 8.75],
			"rotation": {"angle": 0, "axis": "y", "origin": [0, -7, 0]},
			"faces": {
				"north": {"uv": [6, 10.5, 7, 14.5], "texture": "#0"},
				"east": {"uv": [6, 10.5, 7, 14.5], "texture": "#0"},
				"south": {"uv": [6, 10.5, 7, 14.5], "texture": "#0"},
				"west": {"uv": [6, 10.5, 7, 14.5], "texture": "#0"}
			}
		},
		{
			"from": [5, -0.01, 6.7],
			"to": [11, 2.99, 9.3],
			"rotation": {"angle": 0, "axis": "y", "origin": [0, -7, 0]},
			"faces": {
				"north": {"uv": [5, 9, 8, 10.5], "texture": "#0"},
				"east": {"uv": [7.5, 9, 8, 10.5], "texture": "#0"},
				"south": {"uv": [5, 9, 8, 10.5], "texture": "#0"},
				"west": {"uv": [7.5, 9, 8, 10.5], "texture": "#0"},
				"up": {"uv": [5, 9, 8, 9.5], "texture": "#0"},
				"down": {"uv": [5, 10, 8, 10.5], "texture": "#0"}
			}
		},
		{
			"from": [7, -9.5, 7],
			"to": [9, -7.5, 9],
			"rotation": {"angle": 0, "axis": "y", "origin": [0, -7, 0]},
			"faces": {
				"north": {"uv": [6, 15, 7, 16], "texture": "#0"},
				"east": {"uv": [6, 15, 7, 16], "texture": "#0"},
				"south": {"uv": [6, 15, 7, 16], "texture": "#0"},
				"west": {"uv": [6, 15, 7, 16], "texture": "#0"},
				"up": {"uv": [6, 15, 7, 16], "texture": "#0"},
				"down": {"uv": [6, 15, 7, 16], "texture": "#0"}
			}
		},
		{
			"from": [6, 0, 7],
			"to": [10, 28, 9],
			"rotation": {"angle": 0, "axis": "y", "origin": [0, -3, 0]},
			"faces": {
				"north": {"uv": [1, 2, 3, 16], "texture": "#0"},
				"east": {"uv": [2.5, 2, 3, 16], "texture": "#0"},
				"south": {"uv": [1, 2, 3, 16], "texture": "#0"},
				"west": {"uv": [2.5, 2, 3, 16], "texture": "#0"},
				"up": {"uv": [1, 2, 3, 2.5], "texture": "#0"}
			}
		},
		{
			"from": [4, 0, 7.5],
			"to": [12, 29, 8.5],
			"rotation": {"angle": 0, "axis": "y", "origin": [0, -3, 0]},
			"faces": {
				"north": {"uv": [0, 1.5, 4, 16], "texture": "#0"},
				"east": {"uv": [3.5, 1.5, 4, 16], "texture": "#0"},
				"south": {"uv": [0, 1.5, 4, 16], "texture": "#0"},
				"west": {"uv": [3.5, 1.5, 4, 16], "texture": "#0"},
				"up": {"uv": [0, 1.5, 4, 2], "texture": "#0"},
				"down": {"uv": [0, 15.5, 4, 16], "texture": "#0"}
			}
		},
		{
			"from": [5, 29, 7.5],
			"to": [11, 30, 8.5],
			"rotation": {"angle": 0, "axis": "y", "origin": [0, -3, 0]},
			"faces": {
				"north": {"uv": [0.5, 1, 3.5, 1.5], "texture": "#0"},
				"east": {"uv": [3.5, 1.5, 4, 2], "texture": "#0"},
				"south": {"uv": [0.5, 1, 3.5, 1.5], "texture": "#0"},
				"west": {"uv": [3.5, 1.5, 4, 2], "texture": "#0"},
				"up": {"uv": [0.5, 1, 3.5, 1.5], "texture": "#0"}
			}
		},
		{
			"from": [6, 30, 7.5],
			"to": [10, 31, 8.5],
			"rotation": {"angle": 0, "axis": "y", "origin": [0, -3, 0]},
			"faces": {
				"north": {"uv": [1, 0.5, 3, 1], "texture": "#0"},
				"east": {"uv": [3.5, 1.5, 4, 2], "texture": "#0"},
				"south": {"uv": [1, 0.5, 3, 1], "texture": "#0"},
				"west": {"uv": [3.5, 1.5, 4, 2], "texture": "#0"},
				"up": {"uv": [1, 0.5, 3, 1], "texture": "#0"}
			}
		},
		{
			"from": [7, 31, 7.5],
			"to": [9, 32, 8.5],
			"rotation": {"angle": 0, "axis": "y", "origin": [0, -3, 0]},
			"faces": {
				"north": {"uv": [1.5, 0, 2.5, 0.5], "texture": "#0"},
				"east": {"uv": [3.5, 1.5, 4, 2], "texture": "#0"},
				"south": {"uv": [1.5, 0, 2.5, 0.5], "texture": "#0"},
				"west": {"uv": [3.5, 1.5, 4, 2], "texture": "#0"},
				"up": {"uv": [1.5, 0, 2.5, 0.5], "texture": "#0"}
			}
		},
		{
			"from": [7, 28, 7],
			"to": [9, 29, 9],
			"rotation": {"angle": 0, "axis": "y", "origin": [0, -3, 0]},
			"faces": {
				"north": {"uv": [1.5, 1.5, 2.5, 2], "texture": "#0"},
				"east": {"uv": [2, 1.5, 2.5, 2], "texture": "#0"},
				"south": {"uv": [1.5, 1.5, 2.5, 2], "texture": "#0"},
				"west": {"uv": [2, 1.5, 2.5, 2], "texture": "#0"},
				"up": {"uv": [1.5, 1.5, 2.5, 2], "texture": "#0"}
			}
		}
	],
	"display": {
		"thirdperson_righthand": {
			"rotation": [0, -88, 0],
			"translation": [0, 9.5, 1.25]
		},
		"thirdperson_lefthand": {
			"rotation": [0, -88, 0],
			"translation": [0, 9.5, 1.25]
		},
		"firstperson_righthand": {
			"rotation": [-5, 86, 25],
			"translation": [2, 5.5, 0]
		},
		"firstperson_lefthand": {
			"rotation": [-5, 86, 25],
			"translation": [2, 5.5, 0]
		},
		"ground": {
			"translation": [0, 15.75, 0]
		},
		"gui": {
			"rotation": [0, 0, -45],
			"translation": [-1.5, -1.5, 0],
			"scale": [0.5, 0.5, 0.5]
		},
		"head": {
			"translation": [0, 4, 0],
			"scale": [2, 2, 2]
		},
		"fixed": {
			"rotation": [0, 0, 45],
			"translation": [1, -1, -1],
			"scale": [0.5, 0.5, 0.5]
		}
	}
}