{
	"credit": "Made with Blockbench",
	"textures": {
		"0": "minecraft:item/cit/custom/tanning_rack",
		"particle": "minecraft:item/leather"
	},
	"elements": [
		{
			"name": "Box1",
			"from": [-4, 5, -0.05],
			"to": [20, 29, 1.05],
			"faces": {
				"north": {"uv": [2, 2, 14, 14], "texture": "#0"},
				"south": {"uv": [2, 2, 14, 14], "texture": "#0"}
			}
		},
		{
			"name": "Box3",
			"from": [-7, 29, -0.4],
			"to": [23, 31, 1.4],
			"faces": {
				"north": {"uv": [0.5, 1, 15.5, 2], "texture": "#0"},
				"east": {"uv": [14.5, 1, 15.5, 2], "texture": "#0"},
				"south": {"uv": [0.5, 1, 15.5, 2], "texture": "#0"},
				"west": {"uv": [0.5, 1, 1.5, 2], "texture": "#0"},
				"up": {"uv": [0.5, 1, 15.5, 2], "texture": "#0"},
				"down": {"uv": [0.5, 1, 15.5, 2], "texture": "#0"}
			}
		},
		{
			"name": "Box2",
			"from": [20, 2, -0.5],
			"to": [22, 32, 1.5],
			"faces": {
				"north": {"uv": [1, 0.5, 2, 15.5], "texture": "#0"},
				"east": {"uv": [1, 0.5, 2, 15.5], "texture": "#0"},
				"south": {"uv": [14, 0.5, 15, 15.5], "texture": "#0"},
				"west": {"uv": [14, 0.5, 15, 15.5], "texture": "#0"},
				"up": {"uv": [0.5, 1, 1.5, 2], "texture": "#0"}
			}
		},
		{
			"name": "Box2",
			"from": [-6, 2, -0.5],
			"to": [-4, 32, 1.5],
			"faces": {
				"north": {"uv": [14, 0.5, 15, 15.5], "texture": "#0"},
				"east": {"uv": [1, 0.5, 2, 15.5], "texture": "#0"},
				"south": {"uv": [1, 0.5, 2, 15.5], "texture": "#0"},
				"west": {"uv": [14, 0.5, 15, 15.5], "texture": "#0"},
				"up": {"uv": [14.5, 1, 15.5, 2], "texture": "#0"}
			}
		},
		{
			"name": "Box5",
			"from": [-6, 0, -3.5],
			"to": [-4, 2, 4.5],
			"faces": {
				"north": {"uv": [9, 14.5, 10, 15.5], "texture": "#0"},
				"east": {"uv": [6, 14.5, 10, 15.5], "texture": "#0"},
				"south": {"uv": [6.5, 14.5, 7.5, 15.5], "texture": "#0"},
				"west": {"uv": [6, 14.5, 10, 15.5], "texture": "#0"},
				"up": {"uv": [1, 11, 2, 15.5], "texture": "#0"},
				"down": {"uv": [1.5, 11, 2, 15.5], "texture": "#0"}
			}
		},
		{
			"name": "Box4",
			"from": [20, 0, -3.5],
			"to": [22, 2, 4.5],
			"faces": {
				"north": {"uv": [6.5, 14.5, 7.5, 15.5], "texture": "#0"},
				"east": {"uv": [6, 14.5, 10, 15.5], "texture": "#0"},
				"south": {"uv": [9, 14.5, 10, 15.5], "texture": "#0"},
				"west": {"uv": [6, 14.5, 10, 15.5], "texture": "#0"},
				"up": {"uv": [14, 11, 15, 15.5], "texture": "#0"},
				"down": {"uv": [14, 11, 14.5, 15.5], "texture": "#0"}
			}
		}
	],
	"display": {
		"thirdperson_righthand": {
			"translation": [0, 0, 4],
			"scale": [0.375, 0.375, 0.375]
		},
		"thirdperson_lefthand": {
			"translation": [0, 0, 4],
			"scale": [0.375, 0.375, 0.375]
		},
		"firstperson_righthand": {
			"rotation": [0, -90, 25],
			"translation": [1.13, 1, 1.13],
			"scale": [0.4, 0.4, 0.4]
		},
		"firstperson_lefthand": {
			"rotation": [0, -90, 25],
			"translation": [1.13, 1, 1.13],
			"scale": [0.4, 0.4, 0.4]
		},
		"ground": {
			"translation": [0, 2, 0],
			"scale": [0.5, 0.5, 0.5]
		},
		"gui": {
			"rotation": [30, 45, 0],
			"translation": [2, -4, 0],
			"scale": [0.425, 0.425, 0.425]
		},
		"head": {
			"rotation": [0, 180, 0]
		},
		"fixed": {
			"rotation": [-90, -180, 0],
			"translation": [0, -15, -15],
			"scale": [2, 2, 2]
		}
	}
}