{
    "parent": "block/block",
    "elements": [ {
        "from": [ 0, 0, 9 ],
        "to": [ 16, 16, 16 ],
        "faces": {
            "down":  { "uv": [ 0, 0, 16, 7 ], "texture": "#down", "cullface": "down" },
            "up":    { "texture": "#up", "cullface": "up" },
            "north": { "texture": "#north", "cullface": "north" },
            "south": { "texture": "#south", "cullface": "south" },
            "west":  { "texture": "#west", "cullface": "west" },
            "east":  { "uv": [ 0, 0, 7, 16 ], "texture": "#east", "cullface": "east" }
        },
        "__comment": "Front Face"
    }, {
        "from": [ 0, 15, 8 ],
        "to": [ 1, 16, 9 ],
        "faces": {
            "up":    { "texture": "#trim", "cullface": "up" },
            "north": { "texture": "#trim", "cullface": "north" },
            "west":  { "texture": "#trim", "cullface": "west" }
        },
        "__comment": "Top-Right Corner"
    }, {
        "from": [ 15, 15, 8 ],
        "to": [ 16, 16, 9 ],
        "faces": {
            "up":    { "texture": "#trim", "cullface": "up" },
            "north": { "texture": "#trim", "cullface": "north" },
            "east":  { "texture": "#trim", "cullface": "east" }
        },
        "__comment": "Top-Left Corner"
    }, {
        "from": [ 0, 0, 8 ],
        "to": [ 1, 1, 9 ],
        "faces": {
            "down":  { "texture": "#trim", "cullface": "down" },
            "north": { "texture": "#trim", "cullface": "north" },
            "west":  { "texture": "#trim", "cullface": "west" }
        },
        "__comment": "Bottom-Right Corner"
    }, {
        "from": [ 15, 0, 8 ],
        "to": [ 16, 1, 9 ],
        "faces": {
            "down":  { "texture": "#trim", "cullface": "down" },
            "north": { "texture": "#trim", "cullface": "north" },
            "east":  { "texture": "#trim", "cullface": "east" }
        },
        "__comment": "Bottom-Left Corner"
    }, {
        "from": [ 1, 15, 8 ],
        "to": [ 15, 16, 9 ],
        "faces": {
            "down":  { "texture": "#trim" },
            "up":    { "texture": "#trim", "cullface": "up" },
            "north": { "texture": "#trim", "cullface": "north" }
        },
        "__comment": "Top Edge"
    }, {
        "from": [ 1, 0, 8 ],
        "to": [ 15, 1, 9 ],
        "faces": {
            "down":  { "texture": "#trim", "cullface": "down" },
            "up":    { "texture": "#trim" },
            "north": { "texture": "#trim", "cullface": "north" }
        },
        "__comment": "Bottom Edge"
    }, {
        "from": [ 0, 1, 8 ],
        "to": [ 1, 15, 9 ],
        "faces": {
            "north": { "texture": "#trim", "cullface": "north" },
            "west":  { "texture": "#trim", "cullface": "west" },
            "east":  { "texture": "#trim" }
        },
        "__comment": "Right Edge"
    }, {
        "from": [ 15, 1, 8 ],
        "to": [ 16, 15, 9 ],
        "faces": {
            "north": { "texture": "#trim", "cullface": "north" },
            "west":  { "texture": "#trim" },
            "east":  { "texture": "#trim", "cullface": "east" }
        },
        "__comment": "Left Edge"
    } ],
    "textures": {
        "particle": "#front",
        "down": "#top",
        "up": "#top",
        "north": "#front",
        "east": "#side",
        "south": "#back",
        "west": "#side"
    }
}