{
  "parent": "item/generated",
  "textures": {
    "layer0": "item/cit/suspicious_stew/suspicious_stew_15_blindness"
  },

  "overrides": [

    {
      "predicate": {
        "eating": 1, 
        "eat": 0.35
      },
      "model": "item/cit/suspicious_stew/suspicious_stew_15_blindness_eating_0"
    },
    {
      "predicate": {
        "eating": 1,
        "eat": 0.70
      },
      "model": "item/cit/suspicious_stew/suspicious_stew_15_blindness_eating_1"
    },  
    {
      "predicate": {  
        "eating": 1,
        "eat": 0.90
      },
      "model": "item/cit/suspicious_stew/suspicious_stew_15_blindness_eating_2"
    }
  ]
}