{
    "variants": {
        "minecraft:textures/entity/cat/all_black.png%false": "outlined_sprite:minecraft/cat/all_black.png",
        "minecraft:textures/entity/cat/black.png%false": "outlined_sprite:minecraft/cat/black.png",
        "minecraft:textures/entity/cat/british_shorthair.png%false": "outlined_sprite:minecraft/cat/british_shorthair.png",
        "minecraft:textures/entity/cat/calico.png%false": "outlined_sprite:minecraft/cat/calico.png",
        "minecraft:textures/entity/cat/jellie.png%false": "outlined_sprite:minecraft/cat/jellie.png",
        "minecraft:textures/entity/cat/persian.png%false": "outlined_sprite:minecraft/cat/persian.png",
        "minecraft:textures/entity/cat/ragdoll.png%false": "outlined_sprite:minecraft/cat/ragdoll.png",
        "minecraft:textures/entity/cat/red.png%false": "outlined_sprite:minecraft/cat/red.png",
        "minecraft:textures/entity/cat/siamese.png%false": "outlined_sprite:minecraft/cat/siamese.png",
        "minecraft:textures/entity/cat/tabby.png%false": "outlined_sprite:minecraft/cat/tabby.png",
        "minecraft:textures/entity/cat/white.png%false": "outlined_sprite:minecraft/cat/white.png",

        "minecraft:textures/entity/cat/all_black.png%true": "outlined_sprite:minecraft/cat/all_black.png",
        "minecraft:textures/entity/cat/black.png%true": "outlined_sprite:minecraft/cat/black.png",
        "minecraft:textures/entity/cat/british_shorthair.png%true": "outlined_sprite:minecraft/cat/british_shorthair.png",
        "minecraft:textures/entity/cat/calico.png%true": "outlined_sprite:minecraft/cat/calico.png",
        "minecraft:textures/entity/cat/jellie.png%true": "outlined_sprite:minecraft/cat/jellie.png",
        "minecraft:textures/entity/cat/persian.png%true": "outlined_sprite:minecraft/cat/persian.png",
        "minecraft:textures/entity/cat/ragdoll.png%true": "outlined_sprite:minecraft/cat/ragdoll.png",
        "minecraft:textures/entity/cat/red.png%true": "outlined_sprite:minecraft/cat/red.png",
        "minecraft:textures/entity/cat/siamese.png%true": "outlined_sprite:minecraft/cat/siamese.png",
        "minecraft:textures/entity/cat/tabby.png%true": "outlined_sprite:minecraft/cat/tabby.png",
        "minecraft:textures/entity/cat/white.png%true": "outlined_sprite:minecraft/cat/white.png",
        
		"default": "outlined_sprite:minecraft/cat/cat.png"
    }
}