{
    "variants": {
        "minecraft:textures/entity/horse/horse_black.png%null": "outlined_sprite:minecraft/horse/horse_black.png",
        "minecraft:textures/entity/horse/horse_brown.png%null": "outlined_sprite:minecraft/horse/horse_brown.png",
        "minecraft:textures/entity/horse/horse_chestnut.png%null": "outlined_sprite:minecraft/horse/horse_chestnut.png",
        "minecraft:textures/entity/horse/horse_creamy.png%null": "outlined_sprite:minecraft/horse/horse_creamy.png",
        "minecraft:textures/entity/horse/horse_darkbrown.png%null": "outlined_sprite:minecraft/horse/horse_darkbrown.png",
        "minecraft:textures/entity/horse/horse_gray.png%null": "outlined_sprite:minecraft/horse/horse_gray.png",
        "minecraft:textures/entity/horse/horse_white.png%null": "outlined_sprite:minecraft/horse/horse_white.png",

        "minecraft:textures/entity/horse/horse_black.png%minecraft:textures/entity/horse/horse_markings_blackdots.png": "outlined_sprite:minecraft/horse/horse_black.png",
        "minecraft:textures/entity/horse/horse_brown.png%minecraft:textures/entity/horse/horse_markings_blackdots.png": "outlined_sprite:minecraft/horse/horse_brown.png",
        "minecraft:textures/entity/horse/horse_chestnut.png%minecraft:textures/entity/horse/horse_markings_blackdots.png": "outlined_sprite:minecraft/horse/horse_chestnut.png",
        "minecraft:textures/entity/horse/horse_creamy.png%minecraft:textures/entity/horse/horse_markings_blackdots.png": "outlined_sprite:minecraft/horse/horse_creamy.png",
        "minecraft:textures/entity/horse/horse_darkbrown.png%minecraft:textures/entity/horse/horse_markings_blackdots.png": "outlined_sprite:minecraft/horse/horse_darkbrown.png",
        "minecraft:textures/entity/horse/horse_gray.png%minecraft:textures/entity/horse/horse_markings_blackdots.png": "outlined_sprite:minecraft/horse/horse_gray.png",
        "minecraft:textures/entity/horse/horse_white.png%minecraft:textures/entity/horse/horse_markings_blackdots.png": "outlined_sprite:minecraft/horse/horse_white.png",

        "minecraft:textures/entity/horse/horse_black.png%minecraft:textures/entity/horse/horse_markings_none.png": "outlined_sprite:minecraft/horse/horse_black.png",
        "minecraft:textures/entity/horse/horse_brown.png%minecraft:textures/entity/horse/horse_markings_none.png": "outlined_sprite:minecraft/horse/horse_brown.png",
        "minecraft:textures/entity/horse/horse_chestnut.png%minecraft:textures/entity/horse/horse_markings_none.png": "outlined_sprite:minecraft/horse/horse_chestnut.png",
        "minecraft:textures/entity/horse/horse_creamy.png%minecraft:textures/entity/horse/horse_markings_none.png": "outlined_sprite:minecraft/horse/horse_creamy.png",
        "minecraft:textures/entity/horse/horse_darkbrown.png%minecraft:textures/entity/horse/horse_markings_none.png": "outlined_sprite:minecraft/horse/horse_darkbrown.png",
        "minecraft:textures/entity/horse/horse_gray.png%minecraft:textures/entity/horse/horse_markings_none.png": "outlined_sprite:minecraft/horse/horse_gray.png",
        "minecraft:textures/entity/horse/horse_white.png%minecraft:textures/entity/horse/horse_markings_none.png": "outlined_sprite:minecraft/horse/horse_white.png",

        "minecraft:textures/entity/horse/horse_black.png%minecraft:textures/entity/horse/horse_markings_white.png": "outlined_sprite:minecraft/horse/horse_black.png",
        "minecraft:textures/entity/horse/horse_brown.png%minecraft:textures/entity/horse/horse_markings_white.png": "outlined_sprite:minecraft/horse/horse_brown.png",
        "minecraft:textures/entity/horse/horse_chestnut.png%minecraft:textures/entity/horse/horse_markings_white.png": "outlined_sprite:minecraft/horse/horse_chestnut.png",
        "minecraft:textures/entity/horse/horse_creamy.png%minecraft:textures/entity/horse/horse_markings_white.png": "outlined_sprite:minecraft/horse/horse_creamy.png",
        "minecraft:textures/entity/horse/horse_darkbrown.png%minecraft:textures/entity/horse/horse_markings_white.png": "outlined_sprite:minecraft/horse/horse_darkbrown.png",
        "minecraft:textures/entity/horse/horse_gray.png%minecraft:textures/entity/horse/horse_markings_white.png": "outlined_sprite:minecraft/horse/horse_gray.png",
        "minecraft:textures/entity/horse/horse_white.png%minecraft:textures/entity/horse/horse_markings_white.png": "outlined_sprite:minecraft/horse/horse_white.png",

        "minecraft:textures/entity/horse/horse_black.png%minecraft:textures/entity/horse/horse_markings_whitedots.png": "outlined_sprite:minecraft/horse/horse_black.png",
        "minecraft:textures/entity/horse/horse_brown.png%minecraft:textures/entity/horse/horse_markings_whitedots.png": "outlined_sprite:minecraft/horse/horse_brown.png",
        "minecraft:textures/entity/horse/horse_chestnut.png%minecraft:textures/entity/horse/horse_markings_whitedots.png": "outlined_sprite:minecraft/horse/horse_chestnut.png",
        "minecraft:textures/entity/horse/horse_creamy.png%minecraft:textures/entity/horse/horse_markings_whitedots.png": "outlined_sprite:minecraft/horse/horse_creamy.png",
        "minecraft:textures/entity/horse/horse_darkbrown.png%minecraft:textures/entity/horse/horse_markings_whitedots.png": "outlined_sprite:minecraft/horse/horse_darkbrown.png",
        "minecraft:textures/entity/horse/horse_gray.png%minecraft:textures/entity/horse/horse_markings_whitedots.png": "outlined_sprite:minecraft/horse/horse_gray.png",
        "minecraft:textures/entity/horse/horse_white.png%minecraft:textures/entity/horse/horse_markings_whitedots.png": "outlined_sprite:minecraft/horse/horse_white.png",

        "minecraft:textures/entity/horse/horse_black.png%minecraft:textures/entity/horse/horse_markings_whitefield.png": "outlined_sprite:minecraft/horse/horse_black.png",
        "minecraft:textures/entity/horse/horse_brown.png%minecraft:textures/entity/horse/horse_markings_whitefield.png": "outlined_sprite:minecraft/horse/horse_brown.png",
        "minecraft:textures/entity/horse/horse_chestnut.png%minecraft:textures/entity/horse/horse_markings_whitefield.png": "outlined_sprite:minecraft/horse/horse_chestnut.png",
        "minecraft:textures/entity/horse/horse_creamy.png%minecraft:textures/entity/horse/horse_markings_whitefield.png": "outlined_sprite:minecraft/horse/horse_creamy.png",
        "minecraft:textures/entity/horse/horse_darkbrown.png%minecraft:textures/entity/horse/horse_markings_whitefield.png": "outlined_sprite:minecraft/horse/horse_darkbrown.png",
        "minecraft:textures/entity/horse/horse_gray.png%minecraft:textures/entity/horse/horse_markings_whitefield.png": "outlined_sprite:minecraft/horse/horse_gray.png",
        "minecraft:textures/entity/horse/horse_white.png%minecraft:textures/entity/horse/horse_markings_whitefield.png": "outlined_sprite:minecraft/horse/horse_white.png",

        "default": "outlined_sprite:minecraft/horse/horse_brown.png"
    }
}