{
    "variants": {
        "minecraft:textures/entity/iron_golem/iron_golem.png%NONE": "outlined_sprite:minecraft/iron_golem/iron_golem.png",
        "minecraft:textures/entity/iron_golem/iron_golem.png%LOW": "outlined_sprite:minecraft/iron_golem/iron_golem_low.png",
        "minecraft:textures/entity/iron_golem/iron_golem.png%MEDIUM": "outlined_sprite:minecraft/iron_golem/iron_golem_medium.png",
        "minecraft:textures/entity/iron_golem/iron_golem.png%HIGH": "outlined_sprite:minecraft/iron_golem/iron_golem_high.png",
        "default": "outlined_sprite:minecraft/iron_golem/iron_golem.png"
    }
}