{
    "variants": {
        "minecraft:textures/entity/llama/brown.png%false%null": "outlined_sprite:minecraft/llama/llama_brown.png",
        "minecraft:textures/entity/llama/creamy.png%false%null": "outlined_sprite:minecraft/llama/llama_creamy.png",
        "minecraft:textures/entity/llama/gray.png%false%null": "outlined_sprite:minecraft/llama/llama_gray.png",
        "minecraft:textures/entity/llama/white.png%false%null": "outlined_sprite:minecraft/llama/llama_white.png",

        "minecraft:textures/entity/llama/brown.png%false%black": "outlined_sprite:minecraft/llama/llama_brown_black.png",
        "minecraft:textures/entity/llama/creamy.png%false%black": "outlined_sprite:minecraft/llama/llama_creamy_black.png",
        "minecraft:textures/entity/llama/gray.png%false%black": "outlined_sprite:minecraft/llama/llama_gray_black.png",
        "minecraft:textures/entity/llama/white.png%false%black": "outlined_sprite:minecraft/llama/llama_white_black.png",

        "minecraft:textures/entity/llama/brown.png%false%blue": "outlined_sprite:minecraft/llama/llama_brown_blue.png",
        "minecraft:textures/entity/llama/creamy.png%false%blue": "outlined_sprite:minecraft/llama/llama_creamy_blue.png",
        "minecraft:textures/entity/llama/gray.png%false%blue": "outlined_sprite:minecraft/llama/llama_gray_blue.png",
        "minecraft:textures/entity/llama/white.png%false%blue": "outlined_sprite:minecraft/llama/llama_white_blue.png",

        "minecraft:textures/entity/llama/brown.png%false%brown": "outlined_sprite:minecraft/llama/llama_brown_brown.png",
        "minecraft:textures/entity/llama/creamy.png%false%brown": "outlined_sprite:minecraft/llama/llama_creamy_brown.png",
        "minecraft:textures/entity/llama/gray.png%false%brown": "outlined_sprite:minecraft/llama/llama_gray_brown.png",
        "minecraft:textures/entity/llama/white.png%false%brown": "outlined_sprite:minecraft/llama/llama_white_brown.png",

        "minecraft:textures/entity/llama/brown.png%false%cyan": "outlined_sprite:minecraft/llama/llama_brown_cyan.png",
        "minecraft:textures/entity/llama/creamy.png%false%cyan": "outlined_sprite:minecraft/llama/llama_creamy_cyan.png",
        "minecraft:textures/entity/llama/gray.png%false%cyan": "outlined_sprite:minecraft/llama/llama_gray_cyan.png",
        "minecraft:textures/entity/llama/white.png%false%cyan": "outlined_sprite:minecraft/llama/llama_white_cyan.png",

        "minecraft:textures/entity/llama/brown.png%false%gray": "outlined_sprite:minecraft/llama/llama_brown_gray.png",
        "minecraft:textures/entity/llama/creamy.png%false%gray": "outlined_sprite:minecraft/llama/llama_creamy_gray.png",
        "minecraft:textures/entity/llama/gray.png%false%gray": "outlined_sprite:minecraft/llama/llama_gray_gray.png",
        "minecraft:textures/entity/llama/white.png%false%gray": "outlined_sprite:minecraft/llama/llama_white_gray.png",

        "minecraft:textures/entity/llama/brown.png%false%green": "outlined_sprite:minecraft/llama/llama_brown_green.png",
        "minecraft:textures/entity/llama/creamy.png%false%green": "outlined_sprite:minecraft/llama/llama_creamy_green.png",
        "minecraft:textures/entity/llama/gray.png%false%green": "outlined_sprite:minecraft/llama/llama_gray_green.png",
        "minecraft:textures/entity/llama/white.png%false%green": "outlined_sprite:minecraft/llama/llama_white_green.png",

        "minecraft:textures/entity/llama/brown.png%false%light_blue": "outlined_sprite:minecraft/llama/llama_brown_light_blue.png",
        "minecraft:textures/entity/llama/creamy.png%false%light_blue": "outlined_sprite:minecraft/llama/llama_creamy_light_blue.png",
        "minecraft:textures/entity/llama/gray.png%false%light_blue": "outlined_sprite:minecraft/llama/llama_gray_light_blue.png",
        "minecraft:textures/entity/llama/white.png%false%light_blue": "outlined_sprite:minecraft/llama/llama_white_light_blue.png",

        "minecraft:textures/entity/llama/brown.png%false%light_gray": "outlined_sprite:minecraft/llama/llama_brown_light_gray.png",
        "minecraft:textures/entity/llama/creamy.png%false%light_gray": "outlined_sprite:minecraft/llama/llama_creamy_light_gray.png",
        "minecraft:textures/entity/llama/gray.png%false%light_gray": "outlined_sprite:minecraft/llama/llama_gray_light_gray.png",
        "minecraft:textures/entity/llama/white.png%false%light_gray": "outlined_sprite:minecraft/llama/llama_white_light_gray.png",

        "minecraft:textures/entity/llama/brown.png%false%lime": "outlined_sprite:minecraft/llama/llama_brown_lime.png",
        "minecraft:textures/entity/llama/creamy.png%false%lime": "outlined_sprite:minecraft/llama/llama_creamy_lime.png",
        "minecraft:textures/entity/llama/gray.png%false%lime": "outlined_sprite:minecraft/llama/llama_gray_lime.png",
        "minecraft:textures/entity/llama/white.png%false%lime": "outlined_sprite:minecraft/llama/llama_white_lime.png",

        "minecraft:textures/entity/llama/brown.png%false%magenta": "outlined_sprite:minecraft/llama/llama_brown_magenta.png",
        "minecraft:textures/entity/llama/creamy.png%false%magenta": "outlined_sprite:minecraft/llama/llama_creamy_magenta.png",
        "minecraft:textures/entity/llama/gray.png%false%magenta": "outlined_sprite:minecraft/llama/llama_gray_magenta.png",
        "minecraft:textures/entity/llama/white.png%false%magenta": "outlined_sprite:minecraft/llama/llama_white_magenta.png",

        "minecraft:textures/entity/llama/brown.png%false%orange": "outlined_sprite:minecraft/llama/llama_brown_orange.png",
        "minecraft:textures/entity/llama/creamy.png%false%orange": "outlined_sprite:minecraft/llama/llama_creamy_orange.png",
        "minecraft:textures/entity/llama/gray.png%false%orange": "outlined_sprite:minecraft/llama/llama_gray_orange.png",
        "minecraft:textures/entity/llama/white.png%false%orange": "outlined_sprite:minecraft/llama/llama_white_orange.png",

        "minecraft:textures/entity/llama/brown.png%false%pink": "outlined_sprite:minecraft/llama/llama_brown_pink.png",
        "minecraft:textures/entity/llama/creamy.png%false%pink": "outlined_sprite:minecraft/llama/llama_creamy_pink.png",
        "minecraft:textures/entity/llama/gray.png%false%pink": "outlined_sprite:minecraft/llama/llama_gray_pink.png",
        "minecraft:textures/entity/llama/white.png%false%pink": "outlined_sprite:minecraft/llama/llama_white_pink.png",

        "minecraft:textures/entity/llama/brown.png%false%purple": "outlined_sprite:minecraft/llama/llama_brown_purple.png",
        "minecraft:textures/entity/llama/creamy.png%false%purple": "outlined_sprite:minecraft/llama/llama_creamy_purple.png",
        "minecraft:textures/entity/llama/gray.png%false%purple": "outlined_sprite:minecraft/llama/llama_gray_purple.png",
        "minecraft:textures/entity/llama/white.png%false%purple": "outlined_sprite:minecraft/llama/llama_white_purple.png",

        "minecraft:textures/entity/llama/brown.png%false%red": "outlined_sprite:minecraft/llama/llama_brown_red.png",
        "minecraft:textures/entity/llama/creamy.png%false%red": "outlined_sprite:minecraft/llama/llama_creamy_red.png",
        "minecraft:textures/entity/llama/gray.png%false%red": "outlined_sprite:minecraft/llama/llama_gray_red.png",
        "minecraft:textures/entity/llama/white.png%false%red": "outlined_sprite:minecraft/llama/llama_white_red.png",

        "minecraft:textures/entity/llama/brown.png%false%white": "outlined_sprite:minecraft/llama/llama_brown_white.png",
        "minecraft:textures/entity/llama/creamy.png%false%white": "outlined_sprite:minecraft/llama/llama_creamy_white.png",
        "minecraft:textures/entity/llama/gray.png%false%white": "outlined_sprite:minecraft/llama/llama_gray_white.png",
        "minecraft:textures/entity/llama/white.png%false%white": "outlined_sprite:minecraft/llama/llama_white_white.png",

        "minecraft:textures/entity/llama/brown.png%false%yellow": "outlined_sprite:minecraft/llama/llama_brown_yellow.png",
        "minecraft:textures/entity/llama/creamy.png%false%yellow": "outlined_sprite:minecraft/llama/llama_creamy_yellow.png",
        "minecraft:textures/entity/llama/gray.png%false%yellow": "outlined_sprite:minecraft/llama/llama_gray_yellow.png",
        "minecraft:textures/entity/llama/white.png%false%yellow": "outlined_sprite:minecraft/llama/llama_white_yellow.png",
        
        "default": "outlined_sprite:minecraft/llama/llama_creamy.png"
    }
}