{
    "variants": {
		"minecraft:textures/entity/panda/aggressive_panda.png": "normal_sprite:minecraft/panda/aggressive_panda.png",
		"minecraft:textures/entity/panda/brown_panda.png": "normal_sprite:minecraft/panda/brown_panda.png",
		"minecraft:textures/entity/panda/lazy_panda.png": "normal_sprite:minecraft/panda/lazy_panda.png",
		"minecraft:textures/entity/panda/panda.png": "normal_sprite:minecraft/panda/panda.png",
		"minecraft:textures/entity/panda/playful_panda.png": "normal_sprite:minecraft/panda/playful_panda.png",
		"minecraft:textures/entity/panda/weak_panda.png": "normal_sprite:minecraft/panda/weak_panda.png",
		"minecraft:textures/entity/panda/worried_panda.png": "normal_sprite:minecraft/panda/worried_panda.png",
		"default": "outlined_sprite:minecraft/panda/panda.png"
    }
}