{
    "variants": {
		"minecraft:textures/entity/parrot/parrot_blue.png": "normal_sprite:minecraft/parrot/parrot_blue.png",
		"minecraft:textures/entity/parrot/parrot_green.png": "normal_sprite:minecraft/parrot/parrot_green.png",
		"minecraft:textures/entity/parrot/parrot_grey.png": "normal_sprite:minecraft/parrot/parrot_grey.png",
		"minecraft:textures/entity/parrot/parrot_red.png": "normal_sprite:minecraft/parrot/parrot_red_blue.png",
		"minecraft:textures/entity/parrot/parrot_yellow.png": "normal_sprite:minecraft/parrot/parrot_yellow_blue.png",
		"default": "outlined_sprite:minecraft/parrot/parrot_red_blue.png"
    }
}