{
    "variants": {
        "minecraft:textures/entity/llama/brown.png%true%null": "outlined_sprite:minecraft/llama/llama_brown_trader.png",
        "minecraft:textures/entity/llama/creamy.png%true%null": "outlined_sprite:minecraft/llama/llama_creamy_trader.png",
        "minecraft:textures/entity/llama/gray.png%true%null": "outlined_sprite:minecraft/llama/llama_gray_trader.png",
        "minecraft:textures/entity/llama/white.png%true%null": "outlined_sprite:minecraft/llama/llama_white_trader.png",

        "minecraft:textures/entity/llama/brown.png%true%black": "outlined_sprite:minecraft/llama/llama_brown_black.png",
        "minecraft:textures/entity/llama/creamy.png%true%black": "outlined_sprite:minecraft/llama/llama_creamy_black.png",
        "minecraft:textures/entity/llama/gray.png%true%black": "outlined_sprite:minecraft/llama/llama_gray_black.png",
        "minecraft:textures/entity/llama/white.png%true%black": "outlined_sprite:minecraft/llama/llama_white_black.png",

        "minecraft:textures/entity/llama/brown.png%true%blue": "outlined_sprite:minecraft/llama/llama_brown_blue.png",
        "minecraft:textures/entity/llama/creamy.png%true%blue": "outlined_sprite:minecraft/llama/llama_creamy_blue.png",
        "minecraft:textures/entity/llama/gray.png%true%blue": "outlined_sprite:minecraft/llama/llama_gray_blue.png",
        "minecraft:textures/entity/llama/white.png%true%blue": "outlined_sprite:minecraft/llama/llama_white_blue.png",

        "minecraft:textures/entity/llama/brown.png%true%brown": "outlined_sprite:minecraft/llama/llama_brown_brown.png",
        "minecraft:textures/entity/llama/creamy.png%true%brown": "outlined_sprite:minecraft/llama/llama_creamy_brown.png",
        "minecraft:textures/entity/llama/gray.png%true%brown": "outlined_sprite:minecraft/llama/llama_gray_brown.png",
        "minecraft:textures/entity/llama/white.png%true%brown": "outlined_sprite:minecraft/llama/llama_white_brown.png",

        "minecraft:textures/entity/llama/brown.png%true%cyan": "outlined_sprite:minecraft/llama/llama_brown_cyan.png",
        "minecraft:textures/entity/llama/creamy.png%true%cyan": "outlined_sprite:minecraft/llama/llama_creamy_cyan.png",
        "minecraft:textures/entity/llama/gray.png%true%cyan": "outlined_sprite:minecraft/llama/llama_gray_cyan.png",
        "minecraft:textures/entity/llama/white.png%true%cyan": "outlined_sprite:minecraft/llama/llama_white_cyan.png",

        "minecraft:textures/entity/llama/brown.png%true%gray": "outlined_sprite:minecraft/llama/llama_brown_gray.png",
        "minecraft:textures/entity/llama/creamy.png%true%gray": "outlined_sprite:minecraft/llama/llama_creamy_gray.png",
        "minecraft:textures/entity/llama/gray.png%true%gray": "outlined_sprite:minecraft/llama/llama_gray_gray.png",
        "minecraft:textures/entity/llama/white.png%true%gray": "outlined_sprite:minecraft/llama/llama_white_gray.png",

        "minecraft:textures/entity/llama/brown.png%true%green": "outlined_sprite:minecraft/llama/llama_brown_green.png",
        "minecraft:textures/entity/llama/creamy.png%true%green": "outlined_sprite:minecraft/llama/llama_creamy_green.png",
        "minecraft:textures/entity/llama/gray.png%true%green": "outlined_sprite:minecraft/llama/llama_gray_green.png",
        "minecraft:textures/entity/llama/white.png%true%green": "outlined_sprite:minecraft/llama/llama_white_green.png",

        "minecraft:textures/entity/llama/brown.png%true%light_blue": "outlined_sprite:minecraft/llama/llama_brown_light_blue.png",
        "minecraft:textures/entity/llama/creamy.png%true%light_blue": "outlined_sprite:minecraft/llama/llama_creamy_light_blue.png",
        "minecraft:textures/entity/llama/gray.png%true%light_blue": "outlined_sprite:minecraft/llama/llama_gray_light_blue.png",
        "minecraft:textures/entity/llama/white.png%true%light_blue": "outlined_sprite:minecraft/llama/llama_white_light_blue.png",

        "minecraft:textures/entity/llama/brown.png%true%light_gray": "outlined_sprite:minecraft/llama/llama_brown_light_gray.png",
        "minecraft:textures/entity/llama/creamy.png%true%light_gray": "outlined_sprite:minecraft/llama/llama_creamy_light_gray.png",
        "minecraft:textures/entity/llama/gray.png%true%light_gray": "outlined_sprite:minecraft/llama/llama_gray_light_gray.png",
        "minecraft:textures/entity/llama/white.png%true%light_gray": "outlined_sprite:minecraft/llama/llama_white_light_gray.png",

        "minecraft:textures/entity/llama/brown.png%true%lime": "outlined_sprite:minecraft/llama/llama_brown_lime.png",
        "minecraft:textures/entity/llama/creamy.png%true%lime": "outlined_sprite:minecraft/llama/llama_creamy_lime.png",
        "minecraft:textures/entity/llama/gray.png%true%lime": "outlined_sprite:minecraft/llama/llama_gray_lime.png",
        "minecraft:textures/entity/llama/white.png%true%lime": "outlined_sprite:minecraft/llama/llama_white_lime.png",

        "minecraft:textures/entity/llama/brown.png%true%magenta": "outlined_sprite:minecraft/llama/llama_brown_magenta.png",
        "minecraft:textures/entity/llama/creamy.png%true%magenta": "outlined_sprite:minecraft/llama/llama_creamy_magenta.png",
        "minecraft:textures/entity/llama/gray.png%true%magenta": "outlined_sprite:minecraft/llama/llama_gray_magenta.png",
        "minecraft:textures/entity/llama/white.png%true%magenta": "outlined_sprite:minecraft/llama/llama_white_magenta.png",

        "minecraft:textures/entity/llama/brown.png%true%orange": "outlined_sprite:minecraft/llama/llama_brown_orange.png",
        "minecraft:textures/entity/llama/creamy.png%true%orange": "outlined_sprite:minecraft/llama/llama_creamy_orange.png",
        "minecraft:textures/entity/llama/gray.png%true%orange": "outlined_sprite:minecraft/llama/llama_gray_orange.png",
        "minecraft:textures/entity/llama/white.png%true%orange": "outlined_sprite:minecraft/llama/llama_white_orange.png",

        "minecraft:textures/entity/llama/brown.png%true%pink": "outlined_sprite:minecraft/llama/llama_brown_pink.png",
        "minecraft:textures/entity/llama/creamy.png%true%pink": "outlined_sprite:minecraft/llama/llama_creamy_pink.png",
        "minecraft:textures/entity/llama/gray.png%true%pink": "outlined_sprite:minecraft/llama/llama_gray_pink.png",
        "minecraft:textures/entity/llama/white.png%true%pink": "outlined_sprite:minecraft/llama/llama_white_pink.png",

        "minecraft:textures/entity/llama/brown.png%true%purple": "outlined_sprite:minecraft/llama/llama_brown_purple.png",
        "minecraft:textures/entity/llama/creamy.png%true%purple": "outlined_sprite:minecraft/llama/llama_creamy_purple.png",
        "minecraft:textures/entity/llama/gray.png%true%purple": "outlined_sprite:minecraft/llama/llama_gray_purple.png",
        "minecraft:textures/entity/llama/white.png%true%purple": "outlined_sprite:minecraft/llama/llama_white_purple.png",

        "minecraft:textures/entity/llama/brown.png%true%red": "outlined_sprite:minecraft/llama/llama_brown_red.png",
        "minecraft:textures/entity/llama/creamy.png%true%red": "outlined_sprite:minecraft/llama/llama_creamy_red.png",
        "minecraft:textures/entity/llama/gray.png%true%red": "outlined_sprite:minecraft/llama/llama_gray_red.png",
        "minecraft:textures/entity/llama/white.png%true%red": "outlined_sprite:minecraft/llama/llama_white_red.png",

        "minecraft:textures/entity/llama/brown.png%true%white": "outlined_sprite:minecraft/llama/llama_brown_white.png",
        "minecraft:textures/entity/llama/creamy.png%true%white": "outlined_sprite:minecraft/llama/llama_creamy_white.png",
        "minecraft:textures/entity/llama/gray.png%true%white": "outlined_sprite:minecraft/llama/llama_gray_white.png",
        "minecraft:textures/entity/llama/white.png%true%white": "outlined_sprite:minecraft/llama/llama_white_white.png",

        "minecraft:textures/entity/llama/brown.png%true%yellow": "outlined_sprite:minecraft/llama/llama_brown_yellow.png",
        "minecraft:textures/entity/llama/creamy.png%true%yellow": "outlined_sprite:minecraft/llama/llama_creamy_yellow.png",
        "minecraft:textures/entity/llama/gray.png%true%yellow": "outlined_sprite:minecraft/llama/llama_gray_yellow.png",
        "minecraft:textures/entity/llama/white.png%true%yellow": "outlined_sprite:minecraft/llama/llama_white_yellow.png",
        
        "default": "outlined_sprite:minecraft/llama/llama_creamy_trader.png"
    }
}