{
    "variants": {
        "minecraft:textures/entity/wolf/wolf.png%false": "outlined_sprite:minecraft/wolf/wolf.png",
        "minecraft:textures/entity/wolf/wolf_angry.png%false": "outlined_sprite:minecraft/wolf/wolf_angry.png",

        "minecraft:textures/entity/wolf/wolf.png%true": "outlined_sprite:minecraft/wolf/wolf.png",
        "minecraft:textures/entity/wolf/wolf_angry.png%true": "outlined_sprite:minecraft/wolf/wolf_angry.png",

        "default": "outlined_sprite:minecraft/wolf/wolf.png"
    }
}