{
    "overrides": [
    {
        "predicate": {
            "name": "/(?i).*Barrel of Apples.*/"
        },
        "model": "minecraft:item/cit/barrel/barrel_of_apples"
        },
	{
        "predicate": {
            "name": "/(?i).*Barrel of Cabbages.*/"
        },
        "model": "minecraft:item/cit/barrel/barrel_of_cabbages"
        },
	{
        "predicate": {
            "name": "/(?i).*Barrel of Coal.*/"
        },
        "model": "minecraft:item/cit/barrel/barrel_of_coal"
        },
	{
        "predicate": {
            "name": "/(?i).*Barrel of Dirt.*/"
        },
        "model": "minecraft:item/cit/barrel/barrel_of_dirt"
        },
	{
        "predicate": {
            "name": "/(?i).*Barrel of Gold.*/"
        },
        "model": "minecraft:item/cit/barrel/barrel_of_gold"
        },
	{
        "predicate": {
            "name": "/(?i).*Barrel of Wheat.*/"
        },
        "model": "minecraft:item/cit/barrel/barrel_of_wheat"
        }
    ]
}