{
	"overrides": [
		{"predicate":{"nbt":{"Enchantments":[{"id":"minecraft:infinity"}]}}, "model":"minecraft:item/cit/bow/infinity"},

		{"predicate":{"nbt":{"Enchantments":[{"id":"minecraft:infinity"}]},"pulling": 0}, "model":"minecraft:item/cit/bow/infinity_pulling_0"},

		{"predicate":{"nbt":{"Enchantments":[{"id":"minecraft:infinity"}]}, "pulling": 1, "pull": 0.65}, "model":"minecraft:item/cit/bow/infinity_pulling_1"},

		{"predicate":{"nbt":{"Enchantments":[{"id":"minecraft:infinity"}]}, "pulling": 1, "pull": 0.9}, "model":"minecraft:item/cit/bow/infinity_pulling_2"}
	]
}
