{
    "overrides": [
    {
        "predicate": {
            "name": "/(?i).*Diamond Sword In Stone.*/"
        },
        "model": "minecraft:item/cit/custom/diamond_sword_in_stone"
        },
    {
        "predicate": {
            "name": "/(?i).*Diamond Hammer.*/"
        },
        "model": "minecraft:item/cit/custom/diamond_hammer"
        },
    {
        "predicate": {
            "name": "/(?i).*Diamond Excalibur.*/"
        },
        "model": "minecraft:item/cit/custom/diamond_excalibur"
        },
    {
        "predicate": {
            "name": "/(?i).*Dragon Slayer Greatsword.*/"
        },
        "model": "minecraft:item/cit/custom/dragonslayer"
        }
    ]
}