{
    "overrides": [
        {"predicate":{"nbt":{"StoredEnchantments":[{"id":"minecraft:aqua_affinity"}]}}, "model":"minecraft:item/cit/enchanted_book/aqua_affinity"},

        {"predicate":{"nbt":{"StoredEnchantments":[{"id":"minecraft:bane_of_arthropods"}]}}, "model":"minecraft:item/cit/enchanted_book/bane_of_arthropods"},

        {"predicate":{"nbt":{"StoredEnchantments":[{"id":"minecraft:blast_protection"}]}}, "model":"minecraft:item/cit/enchanted_book/blast_protection"},

        {"predicate":{"nbt":{"StoredEnchantments":[{"id":"minecraft:breach"}]}}, "model":"minecraft:item/cit/enchanted_book/breach"},
            
        {"predicate":{"nbt":{"StoredEnchantments":[{"id":"minecraft:channeling"}]}}, "model":"minecraft:item/cit/enchanted_book/channeling"},
            
        {"predicate":{"nbt":{"StoredEnchantments":[{"id":"minecraft:vanishing_curse"}]}}, "model":"minecraft:item/cit/enchanted_book/vanishing_curse"},
        
        {"predicate":{"nbt":{"StoredEnchantments":[{"id":"minecraft:binding_curse"}]}}, "model":"minecraft:item/cit/enchanted_book/binding_curse"},

        {"predicate":{"nbt":{"StoredEnchantments":[{"id":"minecraft:density"}]}}, "model":"minecraft:item/cit/enchanted_book/density"},
    
        {"predicate":{"nbt":{"StoredEnchantments":[{"id":"minecraft:depth_strider"}]}}, "model":"minecraft:item/cit/enchanted_book/depth_strider"},

        {"predicate":{"nbt":{"StoredEnchantments":[{"id":"minecraft:efficiency"}]}}, "model":"minecraft:item/cit/enchanted_book/efficiency"},

        {"predicate":{"nbt":{"StoredEnchantments":[{"id":"minecraft:feather_falling"}]}}, "model":"minecraft:item/cit/enchanted_book/feather_falling"},

        {"predicate":{"nbt":{"StoredEnchantments":[{"id":"minecraft:fire_aspect"}]}}, "model":"minecraft:item/cit/enchanted_book/fire_aspect"},

        {"predicate":{"nbt":{"StoredEnchantments":[{"id":"minecraft:fire_protection"}]}}, "model":"minecraft:item/cit/enchanted_book/fire_protection"},

        {"predicate":{"nbt":{"StoredEnchantments":[{"id":"minecraft:flame"}]}}, "model":"minecraft:item/cit/enchanted_book/flame"},

        {"predicate":{"nbt":{"StoredEnchantments":[{"id":"minecraft:fortune"}]}}, "model":"minecraft:item/cit/enchanted_book/fortune"},

        {"predicate":{"nbt":{"StoredEnchantments":[{"id":"minecraft:frost_walker"}]}}, "model":"minecraft:item/cit/enchanted_book/frost_walker"},

        {"predicate":{"nbt":{"StoredEnchantments":[{"id":"minecraft:impaling"}]}}, "model":"minecraft:item/cit/enchanted_book/impaling"},

        {"predicate":{"nbt":{"StoredEnchantments":[{"id":"minecraft:infinity"}]}}, "model":"minecraft:item/cit/enchanted_book/infinity"},

        {"predicate":{"nbt":{"StoredEnchantments":[{"id":"minecraft:knockback"}]}}, "model":"minecraft:item/cit/enchanted_book/knockback"},

        {"predicate":{"nbt":{"StoredEnchantments":[{"id":"minecraft:looting"}]}}, "model":"minecraft:item/cit/enchanted_book/looting"},

        {"predicate":{"nbt":{"StoredEnchantments":[{"id":"minecraft:loyalty"}]}}, "model":"minecraft:item/cit/enchanted_book/loyalty"},

        {"predicate":{"nbt":{"StoredEnchantments":[{"id":"minecraft:luck_of_the_sea"}]}}, "model":"minecraft:item/cit/enchanted_book/luck_of_the_sea"},

        {"predicate":{"nbt":{"StoredEnchantments":[{"id":"minecraft:lure"}]}}, "model":"minecraft:item/cit/enchanted_book/lure"},

        {"predicate":{"nbt":{"StoredEnchantments":[{"id":"minecraft:mending"}]}}, "model":"minecraft:item/cit/enchanted_book/mending"},

        {"predicate":{"nbt":{"StoredEnchantments":[{"id":"minecraft:multishot"}]}}, "model":"minecraft:item/cit/enchanted_book/multishot"},

        {"predicate":{"nbt":{"StoredEnchantments":[{"id":"minecraft:piercing"}]}}, "model":"minecraft:item/cit/enchanted_book/piercing"},

        {"predicate":{"nbt":{"StoredEnchantments":[{"id":"minecraft:power"}]}}, "model":"minecraft:item/cit/enchanted_book/power"},

        {"predicate":{"nbt":{"StoredEnchantments":[{"id":"minecraft:projectile_protection"}]}}, "model":"minecraft:item/cit/enchanted_book/projectile_protection"},

        {"predicate":{"nbt":{"StoredEnchantments":[{"id":"minecraft:protection"}]}}, "model":"minecraft:item/cit/enchanted_book/protection"},

        {"predicate":{"nbt":{"StoredEnchantments":[{"id":"minecraft:punch"}]}}, "model":"minecraft:item/cit/enchanted_book/punch"},

        {"predicate":{"nbt":{"StoredEnchantments":[{"id":"minecraft:quick_charge"}]}}, "model":"minecraft:item/cit/enchanted_book/quick_charge"},

        {"predicate":{"nbt":{"StoredEnchantments":[{"id":"minecraft:respiration"}]}}, "model":"minecraft:item/cit/enchanted_book/respiration"},

        {"predicate":{"nbt":{"StoredEnchantments":[{"id":"minecraft:riptide"}]}}, "model":"minecraft:item/cit/enchanted_book/riptide"},

        {"predicate":{"nbt":{"StoredEnchantments":[{"id":"minecraft:sharpness"}]}}, "model":"minecraft:item/cit/enchanted_book/sharpness"},

        {"predicate":{"nbt":{"StoredEnchantments":[{"id":"minecraft:silk_touch"}]}}, "model":"minecraft:item/cit/enchanted_book/silk_touch"},

        {"predicate":{"nbt":{"StoredEnchantments":[{"id":"minecraft:smite"}]}}, "model":"minecraft:item/cit/enchanted_book/smite"},

        {"predicate":{"nbt":{"StoredEnchantments":[{"id":"minecraft:soul_speed"}]}}, "model":"minecraft:item/cit/enchanted_book/soul_speed"},

        {"predicate":{"nbt":{"StoredEnchantments":[{"id":"minecraft:sweeping"}]}}, "model":"minecraft:item/cit/enchanted_book/sweeping_edge"},

        {"predicate":{"nbt":{"StoredEnchantments":[{"id":"minecraft:swift_sneak"}]}}, "model":"minecraft:item/cit/enchanted_book/swift_sneak"},

        {"predicate":{"nbt":{"StoredEnchantments":[{"id":"minecraft:thorns"}]}}, "model":"minecraft:item/cit/enchanted_book/thorns"},

        {"predicate":{"nbt":{"StoredEnchantments":[{"id":"minecraft:unbreaking"}]}}, "model":"minecraft:item/cit/enchanted_book/unbreaking"},

        {"predicate":{"nbt":{"StoredEnchantments":[{"id":"minecraft:wind_burst"}]}}, "model":"minecraft:item/cit/enchanted_book/wind_burst"}
    ]
}