{
    "overrides": [
    {
        "predicate": {
            "name": "/(?i).*Iron Hammer.*/"
        },
        "model": "minecraft:item/cit/custom/iron_hammer"
        },
    {
        "predicate": {
            "name": "/(?i).*Dragon Slayer Greatsword.*/"
        },
        "model": "minecraft:item/cit/custom/dragonslayer"
        },
    {
        "predicate": {
            "name": "/(?i).*Iron Excalibur.*/"
        },
        "model": "minecraft:item/cit/custom/iron_excalibur"
        }
    ]
}