{
	"credit": "Made with Blockbench - GrandPappyJay",
	"textures": {
		"inner": "block/cake_inner",
		"plate": "block/cake_plate",
		"top": "block/cake_top",
		"particle": "block/cake_side",
		"side": "block/cake_side"
	},
	"elements": [
		{
			"name": "plate",
			"from": [1, 0, 1],
			"to": [15, 1, 15],
			"faces": {
				"north": {"uv": [1, 15, 15, 16], "texture": "#plate"},
				"east": {"uv": [1, 0, 15, 1], "texture": "#plate"},
				"south": {"uv": [1, 15, 15, 16], "texture": "#plate"},
				"west": {"uv": [1, 0, 15, 1], "texture": "#plate"},
				"up": {"uv": [1, 1, 15, 15], "texture": "#plate"},
				"down": {"uv": [1, 1, 15, 15], "texture": "#plate"}
			}
		},
		{
			"name": "slice5",
			"from": [9, 1, 2],
			"to": [14, 8, 6],
			"faces": {
				"north": {"uv": [1, 9, 6, 16], "texture": "#side"},
				"east": {"uv": [11, 9, 15, 16], "texture": "#side"},
				"west": {"uv": [1, 9, 5, 16], "texture": "#inner"},
				"up": {"uv": [9, 2, 14, 6], "texture": "#top"}
			}
		},
		{
			"name": "slice6",
			"from": [9, 1, 6],
			"to": [14, 8, 10],
			"faces": {
				"east": {"uv": [6, 9, 10, 16], "texture": "#side"},
				"west": {"uv": [6, 9, 10, 16], "texture": "#inner"},
				"up": {"uv": [9, 6, 14, 10], "texture": "#top"}
			}
		},
		{
			"name": "slice7",
			"from": [9, 1, 10],
			"to": [14, 8, 14],
			"faces": {
				"east": {"uv": [1, 9, 5, 16], "texture": "#side"},
				"south": {"uv": [10, 9, 15, 16], "texture": "#side"},
				"west": {"uv": [11, 9, 15, 16], "texture": "#inner"},
				"up": {"uv": [9, 10, 14, 14], "texture": "#top"}
			}
		}
	],
	"groups": [
		{
			"name": "cake",
			"origin": [8, 8, 8],
			"color": 0,
			"nbt": "{}",
			"children": [
				0,
				{
					"name": "slices",
					"origin": [0, 0, 0],
					"color": 0,
					"nbt": "{}",
					"children": [1, 2, 3]
				}
			]
		}
	]
}