{
    "textures": {
        "particle": "#texture"
    },
    "elements": [
        {   "from": [ 3, 0, 3 ],
            "to": [ 13, 2, 13 ],
            "faces": {
                "down":  { "uv": [ 3,  3, 13, 13 ], "texture": "#texture", "cullface": "down" },
                "up":    { "uv": [ 3, 13, 13,  3 ], "texture": "#texture" },
                "north": { "uv": [ 3, 14, 13, 16 ], "texture": "#texture" },
                "south": { "uv": [ 3, 14, 13, 16 ], "texture": "#texture" },
                "west":  { "uv": [ 3, 14, 13, 16 ], "texture": "#texture" },
                "east":  { "uv": [ 3, 14, 13, 16 ], "texture": "#texture" }
            }
        }, {
            "from": [ 4, 0, 4 ],
            "to": [ 12, 2.01, 12 ],
            "faces": {
                "up":  { "uv": [ 0, 0, 16, 16 ], "texture": "#label" }
            }
        }
    ]
}
