{
    "__comment": "Defines the collapsed 2D area for rendering fill level",
    "parent": "block/block",
    "elements": [ {
        "from": [ 7, 1, 0.98 ],
        "to": [ 9, 1, 16],
        "faces": {
            "north": { "uv": [ 0, 0, 16, 16 ], "texture": "#particle" }
        },
        "__comment": "slot 1 (top)"
    }, {
        "from": [ 2, 1, 0.98 ],
        "to": [ 2, 2, 16],
        "faces": {
            "north": { "uv": [ 0, 0, 16, 16 ], "texture": "#particle" }
        },
        "__comment": "slot 2 (bottom left)"
    }, {
        "from": [ 10, 1, 0.98 ],
        "to": [ 10, 2, 16],
        "faces": {
            "north": { "uv": [ 0, 0, 16, 16 ], "texture": "#particle" }
        },
        "__comment": "slot 3 (bottom right)"
    } ]
}