{
    "variants": {
        "facing=north,slots=open1": { "model": "storagedrawers:block/compdrawers_open1" },
        "facing=south,slots=open1": { "model": "storagedrawers:block/compdrawers_open1", "y": 180 },
        "facing=west,slots=open1": { "model": "storagedrawers:block/compdrawers_open1", "y": 270 },
        "facing=east,slots=open1": { "model": "storagedrawers:block/compdrawers_open1", "y": 90 },
        "facing=north,slots=open2": { "model": "storagedrawers:block/compdrawers_open2" },
        "facing=south,slots=open2": { "model": "storagedrawers:block/compdrawers_open2", "y": 180 },
        "facing=west,slots=open2": { "model": "storagedrawers:block/compdrawers_open2", "y": 270 },
        "facing=east,slots=open2": { "model": "storagedrawers:block/compdrawers_open2", "y": 90 },
        "facing=north,slots=open3": { "model": "storagedrawers:block/compdrawers_open3" },
        "facing=south,slots=open3": { "model": "storagedrawers:block/compdrawers_open3", "y": 180 },
        "facing=west,slots=open3": { "model": "storagedrawers:block/compdrawers_open3", "y": 270 },
        "facing=east,slots=open3": { "model": "storagedrawers:block/compdrawers_open3", "y": 90 }
    }
}