{
    "variants": {
        "facing=up,powered=false,variant=drawer":    { "model": "storagedrawers:button/drawer_key_button", "uvlock": true },
        "facing=down,powered=false,variant=drawer":  { "model": "storagedrawers:button/drawer_key_button", "uvlock": true, "x": 180 },
        "facing=east,powered=false,variant=drawer":  { "model": "storagedrawers:button/drawer_key_button", "uvlock": true, "x": 90, "y": 90 },
        "facing=west,powered=false,variant=drawer":  { "model": "storagedrawers:button/drawer_key_button", "uvlock": true, "x": 90, "y": 270 },
        "facing=south,powered=false,variant=drawer": { "model": "storagedrawers:button/drawer_key_button", "uvlock": true, "x": 90, "y": 180 },
        "facing=north,powered=false,variant=drawer": { "model": "storagedrawers:button/drawer_key_button", "uvlock": true, "x": 90 },
        "facing=up,powered=true,variant=drawer":     { "model": "storagedrawers:button/drawer_key_button_pressed", "uvlock": true },
        "facing=down,powered=true,variant=drawer":   { "model": "storagedrawers:button/drawer_key_button_pressed", "uvlock": true, "x": 180 },
        "facing=east,powered=true,variant=drawer":   { "model": "storagedrawers:button/drawer_key_button_pressed", "uvlock": true, "x": 90, "y": 90 },
        "facing=west,powered=true,variant=drawer":   { "model": "storagedrawers:button/drawer_key_button_pressed", "uvlock": true, "x": 90, "y": 270 },
        "facing=south,powered=true,variant=drawer":  { "model": "storagedrawers:button/drawer_key_button_pressed", "uvlock": true, "x": 90, "y": 180 },
        "facing=north,powered=true,variant=drawer":  { "model": "storagedrawers:button/drawer_key_button_pressed", "uvlock": true, "x": 90 },
        "facing=up,powered=false,variant=concealment":    { "model": "storagedrawers:button/concealment_key_button", "uvlock": true },
        "facing=down,powered=false,variant=concealment":  { "model": "storagedrawers:button/concealment_key_button", "uvlock": true, "x": 180 },
        "facing=east,powered=false,variant=concealment":  { "model": "storagedrawers:button/concealment_key_button", "uvlock": true, "x": 90, "y": 90 },
        "facing=west,powered=false,variant=concealment":  { "model": "storagedrawers:button/concealment_key_button", "uvlock": true, "x": 90, "y": 270 },
        "facing=south,powered=false,variant=concealment": { "model": "storagedrawers:button/concealment_key_button", "uvlock": true, "x": 90, "y": 180 },
        "facing=north,powered=false,variant=concealment": { "model": "storagedrawers:button/concealment_key_button", "uvlock": true, "x": 90 },
        "facing=up,powered=true,variant=concealment":     { "model": "storagedrawers:button/concealment_key_button_pressed", "uvlock": true },
        "facing=down,powered=true,variant=concealment":   { "model": "storagedrawers:button/concealment_key_button_pressed", "uvlock": true, "x": 180 },
        "facing=east,powered=true,variant=concealment":   { "model": "storagedrawers:button/concealment_key_button_pressed", "uvlock": true, "x": 90, "y": 90 },
        "facing=west,powered=true,variant=concealment":   { "model": "storagedrawers:button/concealment_key_button_pressed", "uvlock": true, "x": 90, "y": 270 },
        "facing=south,powered=true,variant=concealment":  { "model": "storagedrawers:button/concealment_key_button_pressed", "uvlock": true, "x": 90, "y": 180 },
        "facing=north,powered=true,variant=concealment":  { "model": "storagedrawers:button/concealment_key_button_pressed", "uvlock": true, "x": 90 },
        "facing=up,powered=false,variant=personal":    { "model": "storagedrawers:button/personal_key_button", "uvlock": true },
        "facing=down,powered=false,variant=personal":  { "model": "storagedrawers:button/personal_key_button", "uvlock": true, "x": 180 },
        "facing=east,powered=false,variant=personal":  { "model": "storagedrawers:button/personal_key_button", "uvlock": true, "x": 90, "y": 90 },
        "facing=west,powered=false,variant=personal":  { "model": "storagedrawers:button/personal_key_button", "uvlock": true, "x": 90, "y": 270 },
        "facing=south,powered=false,variant=personal": { "model": "storagedrawers:button/personal_key_button", "uvlock": true, "x": 90, "y": 180 },
        "facing=north,powered=false,variant=personal": { "model": "storagedrawers:button/personal_key_button", "uvlock": true, "x": 90 },
        "facing=up,powered=true,variant=personal":     { "model": "storagedrawers:button/personal_key_button_pressed", "uvlock": true },
        "facing=down,powered=true,variant=personal":   { "model": "storagedrawers:button/personal_key_button_pressed", "uvlock": true, "x": 180 },
        "facing=east,powered=true,variant=personal":   { "model": "storagedrawers:button/personal_key_button_pressed", "uvlock": true, "x": 90, "y": 90 },
        "facing=west,powered=true,variant=personal":   { "model": "storagedrawers:button/personal_key_button_pressed", "uvlock": true, "x": 90, "y": 270 },
        "facing=south,powered=true,variant=personal":  { "model": "storagedrawers:button/personal_key_button_pressed", "uvlock": true, "x": 90, "y": 180 },
        "facing=north,powered=true,variant=personal":  { "model": "storagedrawers:button/personal_key_button_pressed", "uvlock": true, "x": 90 },
        "facing=up,powered=false,variant=quantify":    { "model": "storagedrawers:button/quantify_key_button", "uvlock": true },
        "facing=down,powered=false,variant=quantify":  { "model": "storagedrawers:button/quantify_key_button", "uvlock": true, "x": 180 },
        "facing=east,powered=false,variant=quantify":  { "model": "storagedrawers:button/quantify_key_button", "uvlock": true, "x": 90, "y": 90 },
        "facing=west,powered=false,variant=quantify":  { "model": "storagedrawers:button/quantify_key_button", "uvlock": true, "x": 90, "y": 270 },
        "facing=south,powered=false,variant=quantify": { "model": "storagedrawers:button/quantify_key_button", "uvlock": true, "x": 90, "y": 180 },
        "facing=north,powered=false,variant=quantify": { "model": "storagedrawers:button/quantify_key_button", "uvlock": true, "x": 90 },
        "facing=up,powered=true,variant=quantify":     { "model": "storagedrawers:button/quantify_key_button_pressed", "uvlock": true },
        "facing=down,powered=true,variant=quantify":   { "model": "storagedrawers:button/quantify_key_button_pressed", "uvlock": true, "x": 180 },
        "facing=east,powered=true,variant=quantify":   { "model": "storagedrawers:button/quantify_key_button_pressed", "uvlock": true, "x": 90, "y": 90 },
        "facing=west,powered=true,variant=quantify":   { "model": "storagedrawers:button/quantify_key_button_pressed", "uvlock": true, "x": 90, "y": 270 },
        "facing=south,powered=true,variant=quantify":  { "model": "storagedrawers:button/quantify_key_button_pressed", "uvlock": true, "x": 90, "y": 180 },
        "facing=north,powered=true,variant=quantify":  { "model": "storagedrawers:button/quantify_key_button_pressed", "uvlock": true, "x": 90 }
    }
}
